<?xml version="1.0" encoding="UTF-8" standalone="yes"?>
<addon id="plugin.video.BXL"
       name="BXL"
       version="1.0"
       provider-name="CARIVALDO ARAUJO">
  <requires>
    <import addon="xbmc.python" version="2.1.0"/>
    <import addon="script.module.beautifulsoup" version="3.2.1"/>
    <import addon="script.module.simple.downloader" version="0.9.4"/>
    <import addon="script.module.beautifulsoup4" />
    <import addon="script.module.requests" />
    <import addon="script.module.httplib2" />
    <import addon="script.module.liveresolver" version="0.1.24" optional="true"/>
    <import addon="script.module.youtube.dl" optional="true"/>
    <import addon="plugin.video.youtube" optional="true" />
	<import addon="plugin.video.SportsDevil" optional="true" />
    <import addon="script.module.urlresolver" optional="true"/>
    <import addon="script.module.simplejson" />    
     <import addon="script.module.livestreamer" optional="true"/>
     <import addon="script.module.pyamf" optional="true"/>
  </requires>
  <extension point="xbmc.python.pluginsource" library="default.py">
    <provides>video</provides>
  </extension>
    <extension point="xbmc.addon.repository" name="Repositorio [COLOR orange][B]BXL[/B][/COLOR][COLOR deepskyblue][B][/B][/COLOR]">
		<info compressed="false"></info>
		<checksum></checksum>
		<datadir zip="true"></datadir> 
	</extension>
  <extension point="xbmc.addon.metadata">
    <summary lang="en">[COLOR red][B] ADDON FEITO PARA FAMILIA![/COLOR][/B]</summary>
	<description lang="en">[COLOR deepskyblue][B][/COLOR][/B] [COLOR orange][B] ADDON[/COLOR][/B]</description>
	<disclaimer lang="en">.</disclaimer>
    <platform>all</platform>
  </extension>
</addon>